Workbook

Sheet RTM
A1: Req ID | B1: Module # | C1: Module | D1: Title | E1: Priority | F1: Functional Requirement | G1: Sub-reqs | H1: Interfaces | I1: Prototype status | J1: Gap / notes | K1: Shared services | L1: Release | M1: Planned sprints | N1: Size | O1: Story points | P1: Decision refs | Q1: Test cases | R1: SME / UAT owner | S1: Delivery status
A2: REG-REQ01 | B2: 1 | C2: User Registration & Account Management | D2: Tax Club Member Registration | E2: High | F2: The system shall allow an eligible user to register for a TRA Tax Club account through the Mobile Application or Web Application by providing the mandatory personal, contact, membership and institutional information. | G2: 9 | H2: Mobile / Web / Admin | I2: Partial | J2: API register exists (name, email, phone, password, user_type, institution). Missing: DOB/age band, gender, region, consent/guardian, registration reference, Pending Verification status (currently auto-verified + token issued), inactive-institution check, member-facing registration UI in repo. UPDATE 16-Oct-2026: Web + API registration with Pending Verification and reference number (branch feat/laravel13-livewire-tailwind). Still missing: DOB/age band, guardian consent capture, region, confirmation notification. | K2: Workflow, Audience, Notifications, Cases/Numbering, Safeguarding, Scoped RBAC | L2: R1 | M2: S2–S6 | N2: L | O2: 6 | P2: D-04, D-06, D-07 | Q2: TC-REG-REQ01-01..09 | R2: TRA Taxpayer Education / Tax Club Programme Responsible Officer | S2: Done
A3: REG-REQ02 | B3: 1 | C3: User Registration & Account Management | D3: Tax Club Membership Verification | E3: High | F3: The system shall allow an authorized user to verify, approve or reject a submitted Tax Club membership registration. | G3: 9 | H3: Mobile / Web / Admin | I3: Not started | J3: No implementation in prototype. UPDATE 16-Oct-2026: Verification queue with filters, approve/reject with reason, officer and time recorded. Still missing: coordinator/patron scope, applicant notification. UPDATE 17-Oct-2026: Verification queue now scoped: patrons see and decide only their own institution; TRA officers need view_all_registrations. Still missing: region-scoped coordinators, applicant notification. | K3: Workflow, Notifications, Audit, Cases/Numbering, Scoped RBAC | L3: R1 | M3: S2–S6 | N3: M | O3: 5 | P3: D-05, D-09 | Q3: TC-REG-REQ02-01..09 | R3: TRA Tax Club Programme Coordinator / Responsible Taxpayer Education Officer | S3: Done
A4: REG-REQ03 | B4: 1 | C4: User Registration & Account Management | D4: Account Activation | E4: High | F4: The system shall activate a Tax Club member account after successful membership verification and allow the verified member to access services permitted for their assigned membership category. | G4: 8 | H4: Mobile / Web | I4: Not started | J4: No implementation in prototype. UPDATE 16-Oct-2026: Approval activates the account and issues an interim membership number. Still missing: notification, final number format (D-03). | K4: Workflow, Audience, Notifications, Audit, Cases/Numbering | L4: R1 | M4: S2–S6 | N4: M | O4: 5 | Q4: TC-REG-REQ03-01..08 | R4: TRA Tax Club Programme Coordinator / Responsible Taxpayer Education Officer | S4: Done
A5: REG-REQ04 | B5: 1 | C5: User Registration & Account Management | D5: User Login | E5: High | F5: The system shall allow a registered and active user to securely log in to the TRA Tax Club Digital Platform through the Mobile Application or Web Application using approved authentication credentials. | G5: 9 | H5: Mobile / Web | I5: Partial | J5: Email+password login with Sanctum token and permission list; single-session. Missing: phone login, lockout/rate limit, login audit, token expiry, suspended-status enforcement, MFA for staff. UPDATE 16-Oct-2026: Web sign-in by phone or email with rate limiting and status checks; API login blocks non-active accounts. Still missing: login audit, token expiry, staff MFA. | K5: Workflow, Audit | L5: R1 | M5: S2–S6 | N5: L | O5: 6 | P5: D-07, D-08 | Q5: TC-REG-REQ04-01..09 | R5: TRA ICT Security / Tax Club Programme Responsible Officer | S5: In progress
A6: REG-REQ05 | B6: 1 | C6: User Registration & Account Management | D6: Account Recovery and Credential Reset | E6: High | F6: The system shall allow a registered user who cannot access their account to securely recover the account or reset their authentication credentials through an approved identity-verification mechanism. | G6: 10 | H6: Admin | I6: Not started | J6: No implementation in prototype. | K6: Workflow, Notifications, Audit, Cases/Numbering | L6: R1 | M6: S2–S6 | N6: L | O6: 8 | P6: D-07 | Q6: TC-REG-REQ05-01..10 | R6: TRA ICT Security / System Administration Team | S6: Done
A7: REG-REQ06 | B7: 1 | C7: User Registration & Account Management | D7: Account Suspension, Deactivation and Reactivation | E7: High | F7: The system shall allow an authorized user to suspend, deactivate or reactivate a Tax Club user account in accordance with approved membership, moderation, security and administrative rules. | G7: 10 | H7: Mobile / Web / Admin | I7: Not started | J7: No implementation in prototype. | K7: Workflow, Audience, Notifications, Audit, Safeguarding | L7: R1 | M7: S2–S6 | N7: M | O7: 5 | Q7: TC-REG-REQ06-01..10 | R7: TRA Tax Club Programme Coordinator / Moderator / ICT Security Representative | S7: Planned
A8: REG-REQ07 | B8: 1 | C8: User Registration & Account Management | D8: Transition of Student Member to Alumni | E8: High | F8: The system shall allow an eligible Tax Club member to transition from active student membership to Tax Club Alumni status while retaining approved membership history, learning achievements and participation records. | G8: 10 | H8: Mobile / Web / Admin | I8: Not started | J8: No implementation in prototype. | K8: Workflow, Audience, Notifications, Audit, Cases/Numbering | L8: R1 | M8: S2–S6 | N8: L | O8: 8 | P8: D-12 | Q8: TC-REG-REQ07-01..10 | R8: TRA Tax Club Programme Coordinator / Responsible Taxpayer Education Officer | S8: Planned
A9: PRO-REQ01 | B9: 2 | C9: Member Profile & Digital Membership | D9: View Member Profile | E9: High | F9: The system shall allow a registered Tax Club member to view their profile information through the Mobile Application or Web Application. | G9: 8 | H9: Mobile / Web | I9: Partial | J9: GET /auth/me returns basic profile and institution. Missing: membership status/category display rules, achievements, badges, certificates. | K9: Workflow, Scoped RBAC | L9: R1 | M9: S2–S6 | N9: S | O9: 2 | Q9: TC-PRO-REQ01-01..08 | R9: TRA Tax Club Programme Coordinator / Responsible Taxpayer Education Officer | S9: Planned
A10: PRO-REQ02 | B10: 2 | C10: Member Profile & Digital Membership | D10: Update Member Profile | E10: High | F10: The system shall allow a Tax Club member to update permitted personal and profile information through the Mobile Application or Web Application. | G10: 8 | H10: Mobile / Web | I10: Not started | J10: No implementation in prototype. | K10: Workflow, Notifications, Audit, Safeguarding | L10: R1 | M10: S2–S6 | N10: M | O10: 5 | Q10: TC-PRO-REQ02-01..08 | R10: TRA Tax Club Programme Coordinator / System Administrator | S10: Planned
A11: PRO-REQ03 | B11: 2 | C11: Member Profile & Digital Membership | D11: Member Profile Privacy Management | E11: High | F11: The system shall control the visibility of member profile information based on user role, membership category, privacy rules and approved safeguarding requirements. | G11: 7 | H11: Mobile / Web / Admin | I11: Not started | J11: No implementation in prototype. | K11: Workflow, Cases/Numbering, Safeguarding | L11: R1 | M11: S2–S6 | N11: L | O11: 8 | P11: D-04 | Q11: TC-PRO-REQ03-01..07 | R11: TRA ICT Security / Tax Club Programme Coordinator / Data Protection Responsible Officer | S11: Planned
A12: MEM-REQ01 | B12: 2 | C12: Member Profile & Digital Membership | D12: Generate Digital Tax Club Membership Number | E12: High | F12: The system shall generate a unique Tax Club membership number for each successfully verified and activated Tax Club member. | G12: 7 | H12: Mobile / Web / Admin | I12: Partial | J12: Random TRA-XXXXXXXX assigned at registration. Must be issued only on activation, in approved format, sequence-based, retained for alumni. | K12: Workflow, Audit | L12: R1 | M12: S2–S6 | N12: S | O12: 2 | P12: D-03 | Q12: TC-MEM-REQ01-01..07 | R12: TRA Tax Club Programme Coordinator / System Administrator | S12: Done
A13: MEM-REQ02 | B13: 2 | C13: Member Profile & Digital Membership | D13: Digital Tax Club Membership Card | E13: High | F13: The system shall generate and display a digital Tax Club membership card for each verified and active Tax Club member through the Mobile Application and Web Application. | G13: 9 | H13: Mobile / Web | I13: Not started | J13: No implementation in prototype. | K13: Workflow | L13: R1 | M13: S2–S6 | N13: L | O13: 8 | P13: D-03 | Q13: TC-MEM-REQ02-01..09 | R13: TRA Tax Club Programme Coordinator / Responsible Taxpayer Education Officer | S13: Done
A14: MEM-REQ03 | B14: 2 | C14: Member Profile & Digital Membership | D14: Digital Membership Verification | E14: High | F14: The system shall allow an authorized user to verify the validity and current status of a Tax Club member's digital membership using the membership number, QR code or other approved verification mechanism. | G14: 7 | H14: Mobile / Web / Admin | I14: Not started | J14: No implementation in prototype. | K14: Workflow, Audience | L14: R1 | M14: S2–S6 | N14: M | O14: 5 | P14: D-13 | Q14: TC-MEM-REQ03-01..07 | R14: TRA Tax Club Programme Coordinator / Tax Club Patron | S14: Done
A15: MEM-REQ04 | B15: 2 | C15: Member Profile & Digital Membership | D15: Membership Status Management | E15: High | F15: The system shall maintain and display the current Tax Club membership status of each member throughout the membership lifecycle. | G15: 8 | H15: Mobile / Web / Admin | I15: Not started | J15: No implementation in prototype. | K15: Workflow, Notifications, Audit | L15: R1 | M15: S2–S6 | N15: M | O15: 5 | Q15: TC-MEM-REQ04-01..08 | R15: TRA Tax Club Programme Coordinator / System Administrator | S15: In progress
A16: INS-REQ01 | B16: 3 | C16: Institution & Tax Club Management | D16: Institution Registration | E16: High | F16: The system shall allow an authorized user to register an educational institution participating in the TRA Tax Club programme through the Administration Portal. | G16: 10 | H16: Mobile / Web / Admin | I16: Partial | J16: Create institution with name, type, region, district. Missing: unique code, contacts, has_tax_club, status, duplicate check, created_by, region/district master data. UPDATE 17-Oct-2026: Admin form + CSV import: category, 31-region list, district, contacts, generated code (e.g. DSM-S-0042), duplicate check, created_by, active on creation. | K16: Workflow, Audit, Cases/Numbering, Scoped RBAC | L16: R1 | M16: S2–S6 | N16: M | O16: 4 | Q16: TC-INS-REQ01-01..10 | R16: TRA Tax Club Programme Coordinator / Responsible Taxpayer Education Officer | S16: Done
A17: INS-REQ02 | B17: 3 | C17: Institution & Tax Club Management | D17: Update Institution Information | E17: High | F17: The system shall allow an authorized user to update approved information relating to a registered educational institution. | G17: 8 | H17: Mobile / Web / Admin | I17: Partial | J17: Update endpoint exists. Missing: audit history (before/after), identifier protection. UPDATE 17-Oct-2026: Edit form with code protected and duplicate check. Still missing: before/after audit log of field changes (shared Audit service). | K17: Workflow, Audit, Scoped RBAC | L17: R1 | M17: S2–S6 | N17: S | O17: 2 | Q17: TC-INS-REQ02-01..08 | R17: TRA Tax Club Programme Coordinator / System Administrator | S17: In progress
A18: INS-REQ03 | B18: 3 | C18: Institution & Tax Club Management | D18: Institution Activation and Deactivation | E18: High | F18: The system shall allow an authorized user to activate or deactivate a registered institution for participation in the TRA Tax Club Digital Platform. | G18: 9 | H18: Mobile / Web / Admin | I18: Not started | J18: No implementation in prototype. UPDATE 17-Oct-2026: Activate/deactivate with mandatory reason and status history; inactive institutions hidden from registration and the public API; members kept. | K18: Workflow, Audit, Cases/Numbering | L18: R1 | M18: S2–S6 | N18: S | O18: 3 | Q18: TC-INS-REQ03-01..09 | R18: TRA Tax Club Programme Coordinator / Responsible Taxpayer Education Officer | S18: Done
A19: INS-REQ04 | B19: 3 | C19: Institution & Tax Club Management | D19: Tax Club Establishment and Management | E19: High | F19: The system shall allow an authorized user to establish and manage a Tax Club under a registered educational institution. | G19: 9 | H19: Mobile / Web / Admin | I19: Not started | J19: No implementation in prototype. UPDATE 17-Oct-2026: Tax Club per institution, establishment date, status with reason, one active club per institution. | K19: Workflow, Audience, Audit, Cases/Numbering, Scoped RBAC | L19: R1 | M19: S2–S6 | N19: M | O19: 5 | Q19: TC-INS-REQ04-01..09 | R19: TRA Tax Club Programme Coordinator / Responsible Taxpayer Education Officer | S19: Done
A20: INS-REQ05 | B20: 3 | C20: Institution & Tax Club Management | D20: Tax Club Patron Assignment | E20: High | F20: The system shall allow an authorized user to assign, replace or remove a Tax Club Patron responsible for coordinating Tax Club activities within a registered educational institution. | G20: 9 | H20: Admin | I20: Not started | J20: No implementation in prototype. UPDATE 17-Oct-2026: Assign patron by phone (existing user or new staff account with one-time password), start date, end with reason, history kept, Patron role granted/removed. Still missing: notification to the patron (Notifications module). | K20: Workflow, Notifications, Audit, Cases/Numbering | L20: R1 | M20: S2–S6 | N20: M | O20: 5 | Q20: TC-INS-REQ05-01..09 | R20: TRA Tax Club Programme Coordinator / Participating Educational Institution Representative | S20: In progress
A21: INS-REQ06 | B21: 3 | C21: Institution & Tax Club Management | D21: TRA Tax Club Coordinator Assignment | E21: High | F21: The system shall allow an authorized user to assign TRA Tax Club Coordinators to institutions, Tax Clubs, regions or other approved programme areas. | G21: 8 | H21: Admin | I21: Not started | J21: No implementation in prototype. | K21: Workflow, Audit, Cases/Numbering, Scoped RBAC | L21: R1 | M21: S2–S6 | N21: L | O21: 8 | P21: D-09 | Q21: TC-INS-REQ06-01..08 | R21: TRA Taxpayer Education Management / Tax Club Programme Coordinator | S21: Planned
A22: INS-REQ07 | B22: 3 | C22: Institution & Tax Club Management | D22: Search and View Institutions and Tax Clubs | E22: Medium | F22: The system shall allow authorized users to search, filter and view registered institutions and their associated Tax Clubs according to the user's access rights. | G22: 10 | H22: Mobile / Web / Admin | I22: Partial | J22: List supports search by name and filter by type/region. Missing: district/status/club filters, patron/coordinator display, stats, scope-restricted results. UPDATE 17-Oct-2026: Search by name/code/district; filters by category, region, status; shows Tax Club and patrons. Still missing: coordinator display and region-scoped results (INS-REQ06). | K22: Workflow, Scoped RBAC | L22: R1 | M22: S2–S6 | N22: M | O22: 4 | Q22: TC-INS-REQ07-01..10 | R22: TRA Tax Club Programme Coordinator / Tax Education Management | S22: In progress
A23: INS-REQ08 | B23: 3 | C23: Institution & Tax Club Management | D23: Institution and Tax Club Membership Statistics | E23: Medium | F23: The system shall calculate and display approved membership statistics for each registered institution and Tax Club. | G23: 8 | H23: Mobile / Web / Admin | I23: Not started | J23: No implementation in prototype. UPDATE 17-Oct-2026: Per-institution active, waiting and alumni counts (staff excluded). Still missing: category breakdown and dashboard/report export. | K23: Workflow, Scoped RBAC | L23: R1 | M23: S2–S6 | N23: M | O23: 5 | Q23: TC-INS-REQ08-01..08 | R23: TRA Tax Club Programme Coordinator / Monitoring and Evaluation Responsible Officer | S23: In progress
A24: LRN-REQ01 | B24: 4 | C24: Learning & Content Management | D24: Create Learning Content | E24: High | F24: The system shall allow an authorized content officer to create and save Tax Club learning content through the Administration Portal. | G24: 9 | H24: Mobile / Web / Admin | I24: Partial | J24: Admin create with title, type (video/article/infographic/quiz), file_url, rich-text body. Missing: categories, summary/objectives, uploads with validation, Draft status, content code, more content types. | K24: Workflow, Audience, Audit, Cases/Numbering | L24: R2 | M24: S7–S9 | N24: L | O24: 6 | Q24: TC-LRN-REQ01-01..09 | R24: TRA Taxpayer Education / Content Management Responsible Officer | S24: Planned
A25: LRN-REQ02 | B25: 4 | C25: Learning & Content Management | D25: Review and Approve Learning Content | E25: High | F25: The system shall allow an authorized reviewer or approver to review, approve, reject or return submitted learning content for correction before publication. | G25: 9 | H25: Admin | I25: Not started | J25: No implementation in prototype. | K25: Workflow, Audience, Notifications, Audit | L25: R2 | M25: S7–S9 | N25: M | O25: 5 | Q25: TC-LRN-REQ02-01..09 | R25: TRA Taxpayer Education Content Reviewer / Relevant TRA Subject Matter Expert | S25: Planned
A26: LRN-REQ03 | B26: 4 | C26: Learning & Content Management | D26: Publish, Schedule, Unpublish and Archive Learning Content | E26: High | F26: The system shall allow an authorized user to publish, schedule, unpublish or archive approved learning content through the Administration Portal. | G26: 9 | H26: Mobile / Web / Admin | I26: Partial | J26: is_active toggle and published_at only. Missing: approved-only publishing, scheduling, expiry, archive, history. | K26: Workflow, Audience, Audit | L26: R2 | M26: S7–S9 | N26: M | O26: 4 | Q26: TC-LRN-REQ03-01..09 | R26: TRA Taxpayer Education / Content Publication Responsible Officer | S26: Planned
A27: LRN-REQ04 | B27: 4 | C27: Learning & Content Management | D27: Categorize and Target Learning Content | E27: High | F27: The system shall allow authorized users to categorize learning content and define the member groups to which the content is applicable. | G27: 8 | H27: Mobile / Web / Admin | I27: Not started | J27: No implementation in prototype. | K27: Workflow, Audience, Cases/Numbering, Safeguarding, Scoped RBAC | L27: R2 | M27: S7–S9 | N27: M | O27: 5 | Q27: TC-LRN-REQ04-01..08 | R27: TRA Taxpayer Education / Learning Content Management Officer | S27: Planned
A28: LRN-REQ05 | B28: 4 | C28: Learning & Content Management | D28: Access and View Learning Content | E28: High | F28: The system shall allow an authenticated eligible member to access and view approved published learning content through the Mobile Application and Web Application. | G28: 8 | H28: Mobile / Web | I28: Partial | J28: Members list/view active content with own progress. Missing: targeting, browse by category, engagement analytics, resume, low-bandwidth media. | K28: Workflow, Audience, Cases/Numbering | L28: R2 | M28: S7–S9 | N28: L | O28: 6 | Q28: TC-LRN-REQ05-01..08 | R28: TRA Taxpayer Education / Tax Club Programme Responsible Officer | S28: Planned
A29: LRN-REQ06 | B29: 4 | C29: Learning & Content Management | D29: Learning Module Progress Tracking | E29: High | F29: The system shall record and maintain an eligible member’s progress through structured learning modules and display the member’s current learning status. | G29: 9 | H29: Mobile / Web / Admin | I29: Partial | J29: user_progress per content item (not_started/in_progress/completed). Missing: structured modules/lessons, mandatory components, resume position, version-aware history. | K29: Workflow, Audience, Audit | L29: R2 | M29: S7–S9 | N29: L | O29: 6 | Q29: TC-LRN-REQ06-01..09 | R29: TRA Taxpayer Education / Monitoring and Evaluation Responsible Officer | S29: Planned
A30: LRN-REQ07 | B30: 4 | C30: Learning & Content Management | D30: Search and Filter Learning Content | E30: Medium | F30: The system shall allow members to search and filter approved learning content through the Mobile Application and Web Application. | G30: 9 | H30: Mobile / Web / Admin | I30: Partial | J30: Title search and type filter. Missing: keywords/tags, category & level filters, relevance ordering, eligibility filtering. | K30: Workflow, Audience | L30: R2 | M30: S7–S9 | N30: M | O30: 4 | Q30: TC-LRN-REQ07-01..09 | R30: TRA Taxpayer Education / Content Management Responsible Officer | S30: Planned
A31: LRN-REQ08 | B31: 4 | C31: Learning & Content Management | D31: Content Versioning and Tax Information Updates | E31: High | F31: The system shall maintain controlled versions of learning content when approved information is revised and shall ensure that members are presented with the current published version. | G31: 9 | H31: Mobile / Web / Admin | I31: Not started | J31: No implementation in prototype. | K31: Workflow, Notifications, Audit, Safeguarding | L31: R2 | M31: S7–S9 | N31: L | O31: 8 | P31: D-10 | Q31: TC-LRN-REQ08-01..09 | R31: TRA Taxpayer Education / Relevant Tax Subject Matter Expert | S31: Planned
A32: COM-REQ01 | B32: 5 | C32: Questions, Expert Engagement & Community | D32: Submit Tax-Related Question | E32: High | F32: The system shall allow an authenticated Tax Club member to submit a tax-related question to TRA through the Mobile Application or Web Application. | G32: 9 | H32: Mobile / Web | I32: Not started | J32: No implementation in prototype. | K32: Workflow, Notifications, Cases/Numbering | L32: R4 | M32: S14–S17 | N32: M | O32: 5 | Q32: TC-COM-REQ01-01..09 | R32: TRA Taxpayer Education / Tax Subject Matter Expert | S32: Planned
A33: COM-REQ02 | B33: 5 | C33: Questions, Expert Engagement & Community | D33: Review, Categorize and Assign Submitted Questions | E33: High | F33: The system shall allow an authorized TRA officer to review, categorize and assign submitted member questions to an appropriate TRA subject matter expert for response. | G33: 8 | H33: Mobile / Web / Admin | I33: Not started | J33: No implementation in prototype. | K33: Workflow, Notifications, Audit, Cases/Numbering, Scoped RBAC | L33: R4 | M33: S14–S17 | N33: M | O33: 5 | Q33: TC-COM-REQ02-01..08 | R33: TRA Taxpayer Education Coordinator / Tax Subject Matter Expert | S33: Planned
A34: COM-REQ03 | B34: 5 | C34: Questions, Expert Engagement & Community | D34: TRA Expert Response to Member Questions | E34: High | F34: The system shall allow an assigned TRA subject matter expert to prepare and submit a response to a member question through the Administration Portal. | G34: 8 | H34: Mobile / Web / Admin | I34: Not started | J34: No implementation in prototype. | K34: Workflow, Notifications, Audit, Cases/Numbering, Scoped RBAC | L34: R4 | M34: S14–S17 | N34: M | O34: 5 | Q34: TC-COM-REQ03-01..08 | R34: TRA Tax Subject Matter Expert / Responsible Technical Department | S34: Planned
A35: COM-REQ04 | B35: 5 | C35: Questions, Expert Engagement & Community | D35: Review, Approve and Publish Questions and Answers | E35: High | F35: The system shall allow an authorized reviewer to review, approve, reject or return an expert response and publish approved questions and answers to the intended member or approved knowledge area. | G35: 8 | H35: Mobile / Web / Admin | I35: Not started | J35: No implementation in prototype. | K35: Workflow, Notifications, Audit, Cases/Numbering, Scoped RBAC | L35: R4 | M35: S14–S17 | N35: M | O35: 5 | P35: D-14 | Q35: TC-COM-REQ04-01..08 | R35: TRA Taxpayer Education Content Reviewer / Tax Subject Matter Expert | S35: Planned
A36: COM-REQ05 | B36: 5 | C36: Questions, Expert Engagement & Community | D36: Create and Manage Community Discussion Spaces | E36: High | F36: The system shall allow authorized users to create and manage moderated community discussion spaces for national, institutional, thematic, event, competition or other approved Tax Club engagement purposes. | G36: 8 | H36: Mobile / Web / Admin | I36: Not started | J36: No implementation in prototype. | K36: Workflow, Audience, Audit, Cases/Numbering, Safeguarding | L36: R4 | M36: S14–S17 | N36: L | O36: 8 | Q36: TC-COM-REQ05-01..08 | R36: TRA Tax Club Programme Coordinator / Community Moderator | S36: Planned
A37: COM-REQ06 | B37: 5 | C37: Questions, Expert Engagement & Community | D37: Create Community Posts, Comments and Replies | E37: High | F37: The system shall allow eligible Tax Club members to create posts, comments and replies within discussion spaces for which they have participation rights. | G37: 8 | H37: Mobile / Web | I37: Partial | J37: Global forum posts + replies; edit/soft-delete own. Missing: discussion spaces, content rules validation, mentions/notifications, participation restrictions. | K37: Workflow, Audience, Notifications, Audit, Safeguarding | L37: R4 | M37: S14–S17 | N37: L | O37: 6 | Q37: TC-COM-REQ06-01..08 | R37: TRA Community Moderator / Tax Club Programme Coordinator | S37: Planned
A38: COM-REQ07 | B38: 5 | C38: Questions, Expert Engagement & Community | D38: Report Inappropriate Content or User Behaviour | E38: High | F38: The system shall allow a user to report inappropriate community content or user behaviour for review by an authorized moderator. | G38: 8 | H38: Admin | I38: Not started | J38: No implementation in prototype. Built once with SAF-REQ01 (case engine). | K38: Workflow, Audit, Cases/Numbering, Safeguarding | L38: R4 | M38: S14–S17 | N38: S | O38: 2 | Q38: TC-COM-REQ07-01..08 | R38: TRA Community Moderator / Safeguarding Responsible Officer | S38: Planned
A39: COM-REQ08 | B39: 5 | C39: Questions, Expert Engagement & Community | D39: Moderate Community Content and User Participation | E39: High | F39: The system shall allow an authorized moderator to review reported or flagged community content and apply approved moderation actions to content or user participation. | G39: 8 | H39: Admin | I39: Partial | J39: Admin can soft-delete posts. Missing: moderation queue, actions (warn/hide/restrict/escalate), reasons, restore, history. Built once with SAF-REQ03. | K39: Workflow, Notifications, Audit, Cases/Numbering, Safeguarding | L39: R4 | M39: S14–S17 | N39: S | O39: 2 | Q39: TC-COM-REQ08-01..08 | R39: TRA Community Moderation Lead / ICT Security / Safeguarding Responsible Officer | S39: Planned
A40: COM-REQ09 | B40: 5 | C40: Questions, Expert Engagement & Community | D40: Inter-Institution Collaboration Groups | E40: Medium | F40: The system shall allow authorized users to create controlled collaboration groups that enable approved Tax Club members from different institutions to participate in joint learning, projects, campaigns or competitions. | G40: 8 | H40: Mobile / Web / Admin | I40: Not started | J40: No implementation in prototype. | K40: Workflow, Audience, Cases/Numbering, Safeguarding | L40: R4 | M40: S14–S17 | N40: M | O40: 5 | Q40: TC-COM-REQ09-01..08 | R40: TRA Tax Club Programme Coordinator / Community Moderator | S40: Planned
A41: ALM-REQ01 | B41: 6 | C41: Alumni & Mentorship | D41: Alumni Profile and Membership Management | E41: High | F41: The system shall allow an approved Tax Club alumnus to maintain an alumni profile and access services permitted for the Alumni membership category after completion of the student-to-alumni transition process. | G41: 8 | H41: Mobile / Web / Admin | I41: Not started | J41: No implementation in prototype. | K41: Workflow | L41: R5 | M41: S18–S19 | N41: M | O41: 5 | Q41: TC-ALM-REQ01-01..08 | R41: TRA Tax Club Programme Coordinator / Alumni Programme Responsible Officer | S41: Planned
A42: ALM-REQ02 | B42: 6 | C42: Alumni & Mentorship | D42: Alumni Directory and Networking | E42: Medium | F42: The system shall provide an approved alumni directory and networking capability that allows eligible users to discover and connect with Tax Club alumni according to configured privacy and safeguarding rules. | G42: 8 | H42: Admin | I42: Not started | J42: No implementation in prototype. | K42: Workflow, Audience, Cases/Numbering, Safeguarding, Scoped RBAC | L42: R5 | M42: S18–S19 | N42: L | O42: 8 | Q42: TC-ALM-REQ02-01..08 | R42: TRA Alumni Programme Responsible Officer / Data Protection or Safeguarding Representative | S42: Planned
A43: ALM-REQ03 | B43: 6 | C43: Alumni & Mentorship | D43: Alumni Experience Sharing and Sessions | E43: Medium | F43: The system shall allow authorized users to organize and publish approved alumni experience-sharing content, webinars, career talks and Tax Club sessions for eligible members. | G43: 8 | H43: Mobile / Web / Admin | I43: Not started | J43: No implementation in prototype. | K43: Workflow, Audience, Notifications, Safeguarding | L43: R5 | M43: S18–S19 | N43: M | O43: 5 | Q43: TC-ALM-REQ03-01..08 | R43: TRA Tax Club Alumni Programme Coordinator / Taxpayer Education Officer | S43: Planned
A44: MNT-REQ01 | B44: 6 | C44: Alumni & Mentorship | D44: Mentor Registration and Approval | E44: High | F44: The system shall allow an eligible alumnus or other approved person to apply to participate as a Tax Club mentor and shall allow an authorized TRA user to review and approve or reject the mentor application. | G44: 9 | H44: Admin | I44: Not started | J44: No implementation in prototype. | K44: Workflow, Audience, Notifications, Audit, Cases/Numbering, Safeguarding | L44: R5 | M44: S18–S19 | N44: M | O44: 5 | Q44: TC-MNT-REQ01-01..09 | R44: TRA Tax Club Programme Coordinator / Safeguarding Responsible Officer | S44: Planned
A45: MNT-REQ02 | B45: 6 | C45: Alumni & Mentorship | D45: Mentorship Request by Member | E45: High | F45: The system shall allow an eligible Tax Club member to submit a mentorship request indicating approved mentorship interests and support needs. | G45: 8 | H45: Mobile / Web / Admin | I45: Not started | J45: No implementation in prototype. | K45: Workflow, Audience, Notifications, Cases/Numbering, Safeguarding, Scoped RBAC | L45: R5 | M45: S18–S19 | N45: M | O45: 5 | Q45: TC-MNT-REQ02-01..08 | R45: TRA Tax Club Programme Coordinator / Mentorship Programme Officer | S45: Planned
A46: MNT-REQ03 | B46: 6 | C46: Alumni & Mentorship | D46: Mentor-Mentee Matching and Approval | E46: High | F46: The system shall allow an authorized coordinator to match an approved mentor with an eligible mentee and establish a mentorship relationship in accordance with approved matching and safeguarding rules. | G46: 9 | H46: Admin | I46: Not started | J46: No implementation in prototype. | K46: Workflow, Audience, Notifications, Audit, Cases/Numbering, Safeguarding | L46: R5 | M46: S18–S19 | N46: L | O46: 8 | P46: D-11 | Q46: TC-MNT-REQ03-01..09 | R46: TRA Mentorship Programme Coordinator / Safeguarding Responsible Officer | S46: Planned
A47: MNT-REQ04 | B47: 6 | C47: Alumni & Mentorship | D47: Mentorship Engagement and Progress Tracking | E47: Medium | F47: The system shall allow authorized participants and coordinators to record and monitor approved mentorship activities, milestones and status without exposing unnecessary private communication content. | G47: 8 | H47: Admin | I47: Not started | J47: No implementation in prototype. | K47: Workflow, Notifications, Safeguarding | L47: R5 | M47: S18–S19 | N47: M | O47: 5 | Q47: TC-MNT-REQ04-01..08 | R47: TRA Mentorship Programme Coordinator / Monitoring and Evaluation Officer | S47: Planned
A48: MNT-REQ05 | B48: 6 | C48: Alumni & Mentorship | D48: Mentorship Completion and Closure | E48: Medium | F48: The system shall allow an authorized participant or coordinator to complete or close a mentorship relationship and record approved outcome information. | G48: 8 | H48: Admin | I48: Not started | J48: No implementation in prototype. | K48: Workflow, Notifications, Audit, Safeguarding | L48: R5 | M48: S18–S19 | N48: S | O48: 3 | Q48: TC-MNT-REQ05-01..08 | R48: TRA Mentorship Programme Coordinator / Monitoring and Evaluation Officer | S48: Planned
A49: MNT-REQ06 | B49: 6 | C49: Alumni & Mentorship | D49: Mentorship Safeguarding and Monitoring | E49: High | F49: The system shall enforce approved safeguarding, supervision, reporting and communication controls for mentorship activities, particularly where a mentee is a minor. | G49: 8 | H49: Admin | I49: Not started | J49: No implementation in prototype. | K49: Workflow, Audit, Cases/Numbering, Safeguarding | L49: R5 | M49: S18–S19 | N49: L | O49: 8 | P49: D-11 | Q49: TC-MNT-REQ06-01..08 | R49: TRA Safeguarding Responsible Officer / ICT Security / Tax Club Programme Coordinator | S49: Planned
A50: OPP-REQ01 | B50: 7 | C50: Employment & Opportunities | D50: Create Employment and Development Opportunity | E50: High | F50: The system shall allow an authorized user to create an employment, internship, scholarship, volunteering, training, entrepreneurship or other approved development opportunity through the Administration Portal. | G50: 9 | H50: Admin | I50: Partial | J50: Create with title, organization, type (job/internship/volunteer), description, deadline. Missing: more categories, eligibility/audience, opening date, application channel, attachments, Draft status. | K50: Workflow, Audience, Audit | L50: R3 | M50: S10–S13 | N50: M | O50: 4 | Q50: TC-OPP-REQ01-01..09 | R50: TRA Tax Club Programme Coordinator / Responsible Taxpayer Education Officer | S50: Planned
A51: OPP-REQ02 | B51: 7 | C51: Employment & Opportunities | D51: Review and Approve Opportunity | E51: High | F51: The system shall allow an authorized reviewer or approver to review, approve, reject or return a submitted opportunity for correction before it is made available to Tax Club members. | G51: 8 | H51: Mobile / Web / Admin | I51: Not started | J51: No implementation in prototype. | K51: Workflow, Audience, Notifications, Audit | L51: R3 | M51: S10–S13 | N51: S | O51: 3 | Q51: TC-OPP-REQ02-01..08 | R51: TRA Tax Club Programme Coordinator / Authorized Opportunity Reviewer | S51: Planned
A52: OPP-REQ03 | B52: 7 | C52: Employment & Opportunities | D52: Publish, Schedule, Close and Archive Opportunity | E52: High | F52: The system shall allow an authorized user to publish an approved opportunity, schedule its publication, automatically close it at the approved deadline, and archive it after expiry or withdrawal. | G52: 8 | H52: Admin | I52: Partial | J52: is_active flag and deadline. Missing: approval gate, scheduling, auto-close, withdrawal reason, archive, history. | K52: Workflow, Audience, Notifications, Audit | L52: R3 | M52: S10–S13 | N52: M | O52: 4 | Q52: TC-OPP-REQ03-01..08 | R52: TRA Tax Club Programme Coordinator / Content Administrator | S52: Planned
A53: OPP-REQ04 | B53: 7 | C53: Employment & Opportunities | D53: Browse, Search and View Opportunities | E53: High | F53: The system shall allow eligible users to browse, search, filter and view approved active opportunities through the Mobile Application and Web Application. | G53: 9 | H53: Mobile / Web | I53: Partial | J53: Members list/view active opportunities. Missing: filters, eligibility, closing-soon indicator, expired exclusion by date. | K53: Workflow, Audience | L53: R3 | M53: S10–S13 | N53: M | O53: 4 | Q53: TC-OPP-REQ04-01..09 | R53: TRA Tax Club Programme Coordinator / Career and Youth Engagement Responsible Officer | S53: Planned
A54: OPP-REQ05 | B54: 7 | C54: Employment & Opportunities | D54: Opportunity Eligibility and Audience Targeting | E54: High | F54: The system shall allow an authorized user to define opportunity eligibility and target-audience rules and shall use those rules to control or prioritize opportunity visibility for relevant Tax Club users. | G54: 8 | H54: Mobile / Web / Admin | I54: Not started | J54: No implementation in prototype. | K54: Workflow, Audience, Safeguarding, Scoped RBAC | L54: R3 | M54: S10–S13 | N54: M | O54: 5 | Q54: TC-OPP-REQ05-01..08 | R54: TRA Tax Club Programme Coordinator / Data Protection and Safeguarding Responsible Officer | S54: Planned
A55: OPP-REQ06 | B55: 7 | C55: Employment & Opportunities | D55: Save Opportunity and Access Application Channel | E55: Medium | F55: The system shall allow a member to save or bookmark an active opportunity for later reference and access the approved external or internal application channel specified for that opportunity. | G55: 9 | H55: Mobile / Web | I55: Not started | J55: No implementation in prototype. | K55: Workflow | L55: R3 | M55: S10–S13 | N55: M | O55: 5 | Q55: TC-OPP-REQ06-01..09 | R55: TRA Tax Club Programme Coordinator / ICT Security Representative | S55: Planned
A56: OPP-REQ07 | B56: 7 | C56: Employment & Opportunities | D56: Career Guidance and Employability Resources | E56: Medium | F56: The system shall provide members with approved career-guidance and employability resources, including CV preparation, interview preparation, career awareness and other youth-development materials, through the Mobile Application and Web Application. | G56: 8 | H56: Mobile / Web / Admin | I56: Not started | J56: No implementation in prototype. | K56: Workflow, Audience | L56: R3 | M56: S10–S13 | N56: S | O56: 3 | Q56: TC-OPP-REQ07-01..08 | R56: TRA Tax Club Programme Coordinator / Career Guidance Content Responsible Officer | S56: Planned
A57: OPP-REQ08 | B57: 7 | C57: Employment & Opportunities | D57: Opportunity Engagement Monitoring and Reporting | E57: Medium | F57: The system shall capture and provide authorized users with aggregated engagement information on published opportunities and career resources for programme monitoring and reporting. | G57: 8 | H57: Admin | I57: Not started | J57: No implementation in prototype. | K57: Workflow, Audience, Audit, Scoped RBAC | L57: R3 | M57: S10–S13 | N57: M | O57: 5 | Q57: TC-OPP-REQ08-01..08 | R57: TRA Monitoring and Evaluation Responsible Officer / Tax Club Programme Coordinator | S57: Planned
A58: GAM-REQ01 | B58: 8 | C58: Quiz & Gamification | D58: Create Quiz | E58: High | F58: The system shall allow an authorized user to create a tax education or approved learning quiz through the Administration Portal. | G58: 9 | H58: Mobile / Web / Admin | I58: Partial | J58: Create quiz with title, description, optional content link. Missing: category/module, target membership, instructions, pass mark (hard-coded 50%), practice vs scored, Draft workflow. | K58: Workflow, Audience, Audit | L58: R2 | M58: S7–S9 | N58: M | O58: 4 | Q58: TC-GAM-REQ01-01..09 | R58: TRA Taxpayer Education / Tax Club Learning Content Responsible Officer | S58: Planned
A59: GAM-REQ02 | B59: 8 | C59: Quiz & Gamification | D59: Manage Quiz Questions and Answer Options | E59: High | F59: The system shall allow an authorized quiz creator to add, edit, remove and arrange questions and answer options within a quiz. | G59: 9 | H59: Admin | I59: Partial | J59: Questions (multiple choice, true/false), answers, points, reorder. Missing: multiple-selection type, media, explanations, validation of correct answer before submit. | K59: Workflow, Cases/Numbering | L59: R2 | M59: S7–S9 | N59: M | O59: 4 | Q59: TC-GAM-REQ02-01..09 | R59: TRA Tax Education Content Officer / Subject Matter Expert | S59: Planned
A60: GAM-REQ03 | B60: 8 | C60: Quiz & Gamification | D60: Review and Approve Quiz | E60: High | F60: The system shall allow an authorized reviewer or approver to review a submitted quiz and approve, reject or return it for correction before publication. | G60: 9 | H60: Admin | I60: Not started | J60: No implementation in prototype. | K60: Workflow, Audience, Notifications, Audit | L60: R2 | M60: S7–S9 | N60: S | O60: 3 | Q60: TC-GAM-REQ03-01..09 | R60: TRA Taxpayer Education Content Reviewer / Approved Tax Subject Matter Expert | S60: Planned
A61: GAM-REQ04 | B61: 8 | C61: Quiz & Gamification | D61: Publish and Schedule Quiz | E61: High | F61: The system shall allow an authorized user to publish an approved quiz immediately or schedule it for a defined availability period. | G61: 9 | H61: Mobile / Web / Admin | I61: Partial | J61: is_active toggle only. Missing: approved-only, scheduling open/close, targeting, notifications, publication history. | K61: Workflow, Audience, Notifications, Audit, Scoped RBAC | L61: R2 | M61: S7–S9 | N61: M | O61: 4 | Q61: TC-GAM-REQ04-01..09 | R61: TRA Tax Club Programme Coordinator / Tax Education Officer | S61: Planned
... A64: GAM-REQ07 | B64: 8 | C64: Quiz & Gamification | D64: Manage Quiz Attempts, Time Limits and Retakes | E64: High | F64: The system shall enforce configured quiz attempt limits, time limits, retake rules and attempt status for each eligible member. | G64: 9 | H64: Mobile / Web / Admin | I64: Partial | J64: Unlimited retakes; best attempt retained; client-reported time_spent. Missing: max attempts, server-enforced time limit, auto-submit, configurable retained result. | K64: Workflow, Audience, Audit | L64: R2 | M64: S7–S9 | N64: M | O64: 4 | Q64: TC-GAM-REQ07-01..09 | R64: TRA Tax Club Programme Coordinator / Quiz Administrator | S64: Planned
A65: GAM-REQ08 | B65: 8 | C65: Quiz & Gamification | D65: Points and Gamification Rules | E65: High | F65: The system shall calculate and award points to eligible members based on approved Tax Club learning and engagement activities according to configurable gamification rules. | G65: 9 | H65: Mobile / Web / Admin | I65: Partial | J65: Points = quiz points on best attempt, stored as totals on users. Missing: configurable rules, points ledger, duplicate prevention, admin corrections with audit. | K65: Workflow, Audience, Audit, Cases/Numbering | L65: R2 | M65: S7–S9 | N65: L | O65: 6 | P65: D-15 | Q65: TC-GAM-REQ08-01..09 | R65: TRA Tax Club Programme Coordinator / Gamification Responsible Officer | S65: Planned
A66: GAM-REQ09 | B66: 8 | C66: Quiz & Gamification | D66: Badges and Achievements | E66: Medium | F66: The system shall automatically award and display digital badges or achievements when a member satisfies approved achievement criteria. | G66: 9 | H66: Mobile / Web / Admin | I66: Not started | J66: No implementation in prototype. | K66: Workflow, Audience, Notifications, Audit | L66: R2 | M66: S7–S9 | N66: M | O66: 5 | Q66: TC-GAM-REQ09-01..09 | R66: TRA Tax Club Programme Coordinator / Learning and Gamification Content Officer | S66: Planned
A67: GAM-REQ10 | B67: 8 | C67: Quiz & Gamification | D67: Leaderboard Management | E67: Medium | F67: The system shall calculate and display approved leaderboards based on configured gamification metrics and eligibility rules. | G67: 10 | H67: Mobile / Web / Admin | I67: Partial | J67: Global (public, unauthenticated) and per-quiz leaderboards. Missing: periods, institution/region boards, enable/disable, minor privacy (currently exposes full names + membership IDs publicly). | K67: Workflow, Audience, Safeguarding, Scoped RBAC | L67: R2 | M67: S7–S9 | N67: L | O67: 6 | P67: D-04 | Q67: TC-GAM-REQ10-01..10 | R67: TRA Tax Club Programme Coordinator / Gamification Responsible Officer | S67: In progress
A68: CMP-REQ01 | B68: 9 | C68: Competition, Rewards & Certificates | D68: Create Competition | E68: High | F68: The system shall allow an authorized user to create a Tax Club competition through the Administration Portal by defining its purpose, participation rules, schedule and applicable competition activities. | G68: 8 | H68: Mobile / Web / Admin | I68: Not started | J68: No implementation in prototype. | K68: Workflow, Audience, Audit, Scoped RBAC | L68: R4 | M68: S14–S17 | N68: M | O68: 5 | Q68: TC-CMP-REQ01-01..08 | R68: TRA Tax Club Programme Coordinator / Responsible Taxpayer Education Officer | S68: Planned
A69: CMP-REQ02 | B69: 9 | C69: Competition, Rewards & Certificates | D69: Review and Approve Competition | E69: High | F69: The system shall allow an authorized reviewer or approver to review, approve, reject or return a draft competition for correction before publication. | G69: 8 | H69: Mobile / Web / Admin | I69: Not started | J69: No implementation in prototype. | K69: Workflow, Audience, Notifications, Audit | L69: R4 | M69: S14–S17 | N69: S | O69: 3 | Q69: TC-CMP-REQ02-01..08 | R69: TRA Tax Club Programme Coordinator / Authorized Competition Approver | S69: Planned
A70: CMP-REQ03 | B70: 9 | C70: Competition, Rewards & Certificates | D70: Publish Competition and Manage Registration | E70: High | F70: The system shall allow an approved competition to be published or scheduled for publication and shall allow eligible members to register or enroll where registration is required. | G70: 9 | H70: Mobile / Web | I70: Not started | J70: No implementation in prototype. | K70: Workflow, Audience, Notifications | L70: R4 | M70: S14–S17 | N70: M | O70: 5 | Q70: TC-CMP-REQ03-01..09 | R70: TRA Tax Club Programme Coordinator / Competition Administrator | S70: Planned
A71: CMP-REQ04 | B71: 9 | C71: Competition, Rewards & Certificates | D71: Participate in Competition and Submit Entry | E71: High | F71: The system shall allow an eligible registered member to participate in a competition and submit the required competition activity or entry within the configured participation period. | G71: 8 | H71: Mobile / Web | I71: Not started | J71: No implementation in prototype. | K71: Workflow, Audience, Audit | L71: R4 | M71: S14–S17 | N71: L | O71: 8 | Q71: TC-CMP-REQ04-01..08 | R71: TRA Tax Club Programme Coordinator / Competition Administrator | S71: Planned
A72: CMP-REQ05 | B72: 9 | C72: Competition, Rewards & Certificates | D72: Competition Scoring, Ranking and Results Approval | E72: High | F72: The system shall calculate or record competition scores according to approved rules, rank participants and allow authorized users to review and approve final results before publication. | G72: 9 | H72: Admin | I72: Not started | J72: No implementation in prototype. | K72: Workflow, Audience, Audit, Cases/Numbering | L72: R4 | M72: S14–S17 | N72: L | O72: 8 | Q72: TC-CMP-REQ05-01..09 | R72: TRA Tax Club Programme Coordinator / Competition Judge or Approver | S72: Planned
A73: RWD-REQ01 | B73: 9 | C73: Competition, Rewards & Certificates | D73: Configure Competition Rewards and Recognition | E73: Medium | F73: The system shall allow an authorized user to configure approved rewards and recognition associated with a competition, achievement or other eligible Tax Club activity. | G73: 7 | H73: Admin | I73: Not started | J73: No implementation in prototype. | K73: Workflow, Audience, Audit | L73: R4 | M73: S14–S17 | N73: M | O73: 5 | P73: D-16 | Q73: TC-RWD-REQ01-01..07 | R73: TRA Tax Club Programme Coordinator / Authorized Programme Approver | S73: Planned
A74: RWD-REQ02 | B74: 9 | C74: Competition, Rewards & Certificates | D74: Award, Issue and Track Rewards | E74: Medium | F74: The system shall allow authorized users to assign approved rewards to eligible members and maintain a record of reward issuance, collection or delivery status. | G74: 8 | H74: Mobile / Web / Admin | I74: Not started | J74: No implementation in prototype. | K74: Workflow, Audience, Audit, Cases/Numbering | L74: R4 | M74: S14–S17 | N74: M | O74: 5 | P74: D-16 | Q74: TC-RWD-REQ02-01..08 | R74: TRA Tax Club Programme Coordinator / Reward Administration Responsible Officer | S74: Planned
A75: CER-REQ01 | B75: 9 | C75: Competition, Rewards & Certificates | D75: Generate and Issue Digital Certificates | E75: Medium | F75: The system shall generate and issue digital certificates to eligible Tax Club members for approved competitions, learning achievements, events or other recognized activities. | G75: 8 | H75: Mobile / Web / Admin | I75: Not started | J75: No implementation in prototype. | K75: Workflow, Audience, Notifications, Audit | L75: R4 | M75: S14–S17 | N75: L | O75: 8 | P75: D-17 | Q75: TC-CER-REQ01-01..08 | R75: TRA Tax Club Programme Coordinator / Authorized Certificate Issuer | S75: Planned
A76: CER-REQ02 | B76: 9 | C76: Competition, Rewards & Certificates | D76: Verify Digital Certificate Authenticity | E76: Medium | F76: The system shall allow a user to verify the authenticity and current status of a digital Tax Club certificate using its unique identifier, QR code or other approved verification mechanism. | G76: 6 | H76: Admin | I76: Not started | J76: No implementation in prototype. | K76: Workflow, Audit | L76: R4 | M76: S14–S17 | N76: M | O76: 5 | Q76: TC-CER-REQ02-01..06 | R76: TRA Tax Club Programme Coordinator / ICT Security Representative | S76: Planned
A77: EVT-REQ01 | B77: 10 | C77: Events & Campaigns | D77: Create Event or Campaign | E77: High | F77: The system shall allow an authorized user to create a Tax Club event or campaign through the Administration Portal by defining its purpose, schedule, location, target audience and participation arrangements. | G77: 8 | H77: Mobile / Web / Admin | I77: Partial | J77: Create event with title, description, location, start/end. Missing: type/mode, objective, organizer, online info, audience, capacity, registration config, materials, Draft. | K77: Workflow, Audience, Notifications, Audit, Scoped RBAC | L77: R3 | M77: S10–S13 | N77: M | O77: 4 | Q77: TC-EVT-REQ01-01..08 | R77: TRA Tax Club Programme Coordinator / Tax Education Officer | S77: Planned
A78: EVT-REQ02 | B78: 10 | C78: Events & Campaigns | D78: Review and Approve Event or Campaign | E78: High | F78: The system shall allow an authorized reviewer or approver to review, approve, reject or return a proposed event or campaign for correction before publication where approval is required. | G78: 8 | H78: Admin | I78: Not started | J78: No implementation in prototype. | K78: Workflow, Audience, Notifications, Audit | L78: R3 | M78: S10–S13 | N78: S | O78: 3 | Q78: TC-EVT-REQ02-01..08 | R78: TRA Tax Club Programme Coordinator / Authorized Event Approver | S78: Planned
A79: EVT-REQ03 | B79: 10 | C79: Events & Campaigns | D79: Publish, Schedule and Target Event or Campaign | E79: High | F79: The system shall allow an approved event or campaign to be published immediately or scheduled for publication to the configured eligible audience. | G79: 7 | H79: Mobile / Web / Admin | I79: Partial | J79: is_active flag only. Missing: approval gate, scheduling, targeting, auto status, postpone/cancel. | K79: Workflow, Audience, Notifications, Audit, Scoped RBAC | L79: R3 | M79: S10–S13 | N79: M | O79: 4 | Q79: TC-EVT-REQ03-01..07 | R79: TRA Tax Club Programme Coordinator / Event Organizer | S79: Planned
A80: EVT-REQ04 | B80: 10 | C80: Events & Campaigns | D80: Event Registration and RSVP | E80: High | F80: The system shall allow an eligible Tax Club member to register for or confirm attendance at an event where registration or RSVP is required. | G80: 8 | H80: Mobile / Web / Admin | I80: Partial | J80: Register / cancel registration; admin attendee list. Missing: eligibility, deadline/cut-off, confirmation, registration questions. | K80: Workflow, Audience | L80: R3 | M80: S10–S13 | N80: M | O80: 4 | Q80: TC-EVT-REQ04-01..08 | R80: TRA Tax Club Programme Coordinator / Event Organizer | S80: Planned
A81: EVT-REQ05 | B81: 10 | C81: Events & Campaigns | D81: Event Capacity and Waitlist Management | E81: Medium | F81: The system shall enforce configured participant capacity for an event and support a waitlist where the event reaches maximum registration capacity and waitlisting is enabled. | G81: 8 | H81: Admin | I81: Not started | J81: No implementation in prototype. | K81: Workflow, Audience, Notifications, Audit | L81: R3 | M81: S10–S13 | N81: M | O81: 5 | Q81: TC-EVT-REQ05-01..08 | R81: TRA Tax Club Programme Coordinator / Event Organizer | S81: Planned
A82: EVT-REQ06 | B82: 10 | C82: Events & Campaigns | D82: Event Attendance and Check-In | E82: High | F82: The system shall allow authorized users to record and verify participant attendance at applicable Tax Club events using approved manual, QR-based or other check-in methods. | G82: 7 | H82: Mobile / Web / Admin | I82: Partial | J82: Registration status enum includes 'attended' but no check-in flow. Missing: QR/manual check-in, officer/device record, corrections with reason. | K82: Workflow, Audience, Audit | L82: R3 | M82: S10–S13 | N82: L | O82: 6 | Q82: TC-EVT-REQ06-01..07 | R82: TRA Tax Club Programme Coordinator / Event Attendance Officer | S82: Planned
A83: EVT-REQ07 | B83: 10 | C83: Events & Campaigns | D83: Event and Campaign Updates, Materials and Participant Information | E83: Medium | F83: The system shall allow authorized event organizers to publish approved updates, instructions and materials related to an active or upcoming event or campaign for access by the appropriate participants. | G83: 7 | H83: Mobile / Web / Admin | I83: Not started | J83: No implementation in prototype. | K83: Workflow, Audience, Notifications | L83: R3 | M83: S10–S13 | N83: M | O83: 5 | Q83: TC-EVT-REQ07-01..07 | R83: TRA Tax Club Programme Coordinator / Event Organizer | S83: Planned
A84: EVT-REQ08 | B84: 10 | C84: Events & Campaigns | D84: Close Event or Campaign and Generate Participation Summary | E84: High | F84: The system shall allow an authorized organizer to close a completed event or campaign and generate an operational summary of registration, attendance and participation information. | G84: 9 | H84: Mobile / Web / Admin | I84: Not started | J84: No implementation in prototype. | K84: Workflow, Audit, Scoped RBAC | L84: R3 | M84: S10–S13 | N84: M | O84: 5 | Q84: TC-EVT-REQ08-01..09 | R84: TRA Tax Club Programme Coordinator / Monitoring and Evaluation Responsible Officer | S84: Planned
A85: NOT-REQ01 | B85: 11 | C85: Notification Management | D85: Notification Template and Channel Configuration | E85: High | F85: The system shall allow an authorized administrator to configure notification templates, supported delivery channels and notification categories for the TRA Tax Club Digital Platform. | G85: 8 | H85: Mobile / Web / Admin | I85: Not started | J85: No implementation in prototype. | K85: Workflow, Notifications, Audit | L85: R1 | M85: S2–S6 | N85: L | O85: 8 | P85: D-18 | Q85: TC-NOT-REQ01-01..08 | R85: TRA Tax Club Programme Coordinator / ICT Application Administrator | S85: Planned
A86: NOT-REQ02 | B86: 11 | C86: Notification Management | D86: Automated Transactional Notifications | E86: High | F86: The system shall automatically generate and send notifications to users when predefined system or business events occur. | G86: 7 | H86: Mobile / Web | I86: Not started | J86: No implementation in prototype. | K86: Workflow, Notifications, Audit | L86: R1 | M86: S2–S6 | N86: L | O86: 8 | P86: D-18 | Q86: TC-NOT-REQ02-01..07 | R86: TRA Tax Club Programme Coordinator / ICT Application Administrator | S86: In progress
A87: NOT-REQ03 | B87: 11 | C87: Notification Management | D87: Targeted and Broadcast Notifications | E87: High | F87: The system shall allow an authorized user to create and send targeted or broadcast notifications to selected Tax Club audiences through the Administration Portal. | G87: 8 | H87: Mobile / Web / Admin | I87: Not started | J87: No implementation in prototype. | K87: Workflow, Audience, Notifications, Audit, Scoped RBAC | L87: R3 | M87: S10–S13 | N87: L | O87: 8 | Q87: TC-NOT-REQ03-01..08 | R87: TRA Tax Club Programme Coordinator / Taxpayer Education Communication Officer | S87: Planned
A88: NOT-REQ04 | B88: 11 | C88: Notification Management | D88: Scheduled Notifications and Reminders | E88: Medium | F88: The system shall support automated and administrator-configured reminder notifications for time-bound Tax Club activities. | G88: 7 | H88: Admin | I88: Not started | J88: No implementation in prototype. | K88: Workflow, Audience, Notifications, Audit | L88: R3 | M88: S10–S13 | N88: M | O88: 5 | Q88: TC-NOT-REQ04-01..07 | R88: TRA Tax Club Programme Coordinator / ICT Application Administrator | S88: Planned
A89: NOT-REQ05 | B89: 11 | C89: Notification Management | D89: User Notification Preferences | E89: Medium | F89: The system shall allow a user to manage permitted notification preferences for optional notification categories and delivery channels through the Mobile Application or Web Application. | G89: 7 | H89: Mobile / Web | I89: Not started | J89: No implementation in prototype. | K89: Audience, Notifications, Safeguarding | L89: R2 | M89: S7–S9 | N89: M | O89: 5 | Q89: TC-NOT-REQ05-01..07 | R89: TRA Tax Club Programme Coordinator / ICT Application Administrator | S89: Planned
A90: NOT-REQ06 | B90: 11 | C90: Notification Management | D90: Notification Inbox and Read Status | E90: High | F90: The system shall provide an in-app notification inbox that allows authenticated users to view and manage notifications received through the Tax Club Digital Platform. | G90: 8 | H90: Mobile / Web | I90: Not started | J90: No implementation in prototype. | K90: Workflow, Notifications, Audit | L90: R1 | M90: S2–S6 | N90: M | O90: 5 | Q90: TC-NOT-REQ06-01..08 | R90: TRA Tax Club Programme Coordinator / ICT Application Administrator | S90: Planned
A91: NOT-REQ07 | B91: 11 | C91: Notification Management | D91: Notification Delivery Tracking, Failure and Retry | E91: Medium | F91: The system shall track notification delivery attempts and support controlled retry of failed notifications for applicable delivery channels. | G91: 8 | H91: Admin | I91: Not started | J91: No implementation in prototype. | K91: Workflow, Audience, Notifications, Audit | L91: R3 | M91: S10–S13 | N91: M | O91: 5 | Q91: TC-NOT-REQ07-01..08 | R91: TRA ICT Operations / Application Administrator | S91: In progress
A92: FBK-REQ01 | B92: 12 | C92: Feedback, User Safety & Moderation | D92: Submit Feedback and Suggestions | E92: High | F92: The system shall allow an authenticated user to submit feedback, suggestions or platform-related concerns through the Mobile Application or Web Application. | G92: 9 | H92: Mobile / Web | I92: Not started | J92: No implementation in prototype. | K92: Workflow, Notifications, Audit, Cases/Numbering, Safeguarding | L92: R3 | M92: S10–S13 | N92: M | O92: 5 | Q92: TC-FBK-REQ01-01..09 | R92: TRA Tax Club Programme Coordinator / User Support Responsible Officer | S92: Planned
A93: FBK-REQ02 | B93: 12 | C93: Feedback, User Safety & Moderation | D93: Feedback Classification and Assignment | E93: Medium | F93: The system shall allow an authorized user to classify, prioritize and assign submitted feedback to the appropriate responsible officer or functional area. | G93: 8 | H93: Admin | I93: Not started | J93: No implementation in prototype. | K93: Workflow, Notifications, Audit, Cases/Numbering | L93: R3 | M93: S10–S13 | N93: S | O93: 3 | Q93: TC-FBK-REQ02-01..08 | R93: TRA Tax Club Programme Coordinator / ICT Support Lead | S93: Planned
A94: FBK-REQ03 | B94: 12 | C94: Feedback, User Safety & Moderation | D94: Feedback Review, Response and Closure | E94: High | F94: The system shall allow an authorized officer to review submitted feedback, record a response or action taken, and close the feedback when resolution is completed. | G94: 8 | H94: Admin | I94: Not started | J94: No implementation in prototype. | K94: Workflow, Notifications, Audit, Cases/Numbering, Safeguarding | L94: R3 | M94: S10–S13 | N94: M | O94: 5 | Q94: TC-FBK-REQ03-01..08 | R94: TRA Tax Club Programme Coordinator / Responsible Service Owner | S94: Planned
A95: FBK-REQ04 | B95: 12 | C95: Feedback, User Safety & Moderation | D95: Feedback Status Tracking | E95: Medium | F95: The system shall allow a user to view the current status and permitted response information for feedback they have submitted. | G95: 6 | H95: Admin | I95: Not started | J95: No implementation in prototype. | K95: Workflow, Cases/Numbering | L95: R3 | M95: S10–S13 | N95: S | O95: 3 | Q95: TC-FBK-REQ04-01..06 | R95: TRA Tax Club Programme Coordinator / ICT Application Administrator | S95: Planned
A96: SAF-REQ01 | B96: 12 | C96: Feedback, User Safety & Moderation | D96: Report Inappropriate Content or User Behaviour | E96: High | F96: The system shall allow a permitted user to report inappropriate content, unsafe behaviour or suspected violations of Tax Club community rules. | G96: 8 | H96: Admin | I96: Not started | J96: No implementation in prototype. | K96: Workflow, Audience, Notifications, Audit, Cases/Numbering, Safeguarding | L96: R4 | M96: S14–S17 | N96: M | O96: 5 | Q96: TC-SAF-REQ01-01..08 | R96: TRA Tax Club Programme Coordinator / Safeguarding or Moderation Responsible Officer | S96: Planned
A97: SAF-REQ02 | B97: 12 | C97: Feedback, User Safety & Moderation | D97: Moderation Case Review and Investigation | E97: High | F97: The system shall allow an authorized moderator to review, investigate, prioritize and manage reports of inappropriate content or user behaviour. | G97: 8 | H97: Admin | I97: Not started | J97: No implementation in prototype. | K97: Workflow, Notifications, Audit, Cases/Numbering, Safeguarding, Scoped RBAC | L97: R4 | M97: S14–S17 | N97: L | O97: 8 | Q97: TC-SAF-REQ02-01..08 | R97: TRA Moderation / Safeguarding Responsible Officer | S97: Planned
A98: SAF-REQ03 | B98: 12 | C98: Feedback, User Safety & Moderation | D98: Content Moderation Actions | E98: High | F98: The system shall allow an authorized moderator to apply approved moderation actions to user-generated content that violates Tax Club community rules. | G98: 8 | H98: Admin | I98: Not started | J98: No implementation in prototype. | K98: Workflow, Notifications, Audit, Cases/Numbering, Safeguarding | L98: R4 | M98: S14–S17 | N98: M | O98: 5 | Q98: TC-SAF-REQ03-01..08 | R98: TRA Community Moderator / Tax Club Programme Coordinator | S98: Planned
A99: SAF-REQ04 | B99: 12 | C99: Feedback, User Safety & Moderation | D99: User Warning, Restriction, Suspension and Deactivation | E99: High | F99: The system shall allow an authorized moderator or administrator to apply approved account-level actions to users who violate community, safeguarding or security rules. | G99: 9 | H99: Mobile / Web / Admin | I99: Not started | J99: No implementation in prototype. | K99: Workflow, Notifications, Audit, Cases/Numbering, Safeguarding | L99: R4 | M99: S14–S17 | N99: L | O99: 8 | Q99: TC-SAF-REQ04-01..09 | R99: TRA Tax Club Programme Coordinator / Safeguarding Officer / ICT Security Representative | S99: Planned
A100: SAF-REQ05 | B100: 12 | C100: Feedback, User Safety & Moderation | D100: Minor Safeguarding Controls and Escalation | E100: High | F100: The system shall enforce approved safeguarding controls for users classified as minors and support escalation of safety concerns to designated responsible officers. | G100: 9 | H100: Admin | I100: Not started | J100: No implementation in prototype. | K100: Workflow, Audit, Cases/Numbering, Safeguarding | L100: R4 | M100: S14–S17 | N100: L | O100: 8 | P100: D-04, D-11 | Q100: TC-SAF-REQ05-01..09 | R100: TRA Designated Safeguarding Responsible Officer / Tax Club Programme Coordinator | S100: Planned
A101: SAF-REQ06 | B101: 12 | C101: Feedback, User Safety & Moderation | D101: Moderation Audit Trail and Safety Reporting | E101: High | F101: The system shall maintain an auditable record of moderation and safeguarding activities and provide authorized users with safety and moderation reports. | G101: 8 | H101: Admin | I101: Not started | J101: No implementation in prototype. | K101: Workflow, Audit, Cases/Numbering, Safeguarding | L101: R4 | M101: S14–S17 | N101: M | O101: 5 | P101: D-10 | Q101: TC-SAF-REQ06-01..08 | R101: TRA Safeguarding / Moderation Responsible Officer / ICT Security Representative | S101: Planned

Sheet Foundations backlog
A1: Item | B1: Description | C1: Release | D1: Size | E1: Story points
A2: R0-01 | B2: Security remediation: rotate secrets, purge history, secret scanning | C2: R0 | D2: S | E2: 3
A3: R0-02 | B3: Monorepo + Docker Compose dev environment | C3: R0 | D3: M | E3: 5
A4: R0-03 | B4: CI/CD pipeline (lint, test, SAST, build, deploy to dev/staging) | C4: R0 | D4: L | E4: 8
A5: R0-04 | B5: Fix migrations (uuidMorphs, sessions), SQLite/MySQL test DB, factories | C5: R0 | D5: M | E5: 5
A6: R0-05 | B6: Feature-test harness + baseline tests for existing endpoints | C6: R0 | D6: M | E6: 5
A7: R0-06 | B7: OpenAPI generation + typed TS API client package | C7: R0 | D7: M | E7: 5
A8: R0-07 | B8: Audit Log service | C8: R0 | D8: M | E8: 5
A9: R0-08 | B9: Numbering/sequence service | C9: R0 | D9: S | E9: 3
A10: R0-09 | B10: Publishing Workflow engine + review queue API | C10: R0 | D10: L | E10: 8
A11: R0-10 | B11: Audience Rules engine | C11: R1 | D11: L | E11: 8
A12: R0-11 | B12: Scoped RBAC + Policies + role seeding | C12: R0 | D12: L | E12: 8
A13: R0-12 | B13: Media service (upload, scan, signed URLs, thumbnails) | C13: R1 | D13: M | E13: 5
... A21: RH-04 | B21: Platform administration (proposed M14): master data, settings, audit viewer | C21: R3 | D21: L | E21: 8

Sheet Release plan
A1: Release | B1: Name | C1: Sprints | D1: Start | E1: End | F1: Scope | G1: SRS reqs | H1: SRS points | I1: Foundation points | J1: Total points | K1: Capacity (pts) | L1: Load %
A2: R0 | B2: Stabilise & Foundations | C2: S0–S1 | D2: 46328 | E2: 46353 | F2: Security remediation, monorepo, CI/CD, Docker, migrations fixed, test harness, OpenAPI, shared services (Audit, Numbering, Workflow, Scoped RBAC), design system, Expo scaffold, i18n | G2: =COUNTIF(RTM!$L$2:$L$101,A2) | H2: =SUMIF(RTM!$L$2:$L$101,A2,RTM!$O$2:$O$101) | I2: =SUMIF('Foundations backlog'!$C$2:$C$100,A2,'Foundations backlog'!$E$2:$E$100) | J2: =H2+I2 | K2: 70 | L2: =J2/K2
A3: R1 | B3: Membership MVP (pilot) | C3: S2–S6 | D3: 46356 | E3: 46444 | F3: M1 Registration & accounts, M2 Profile & digital card, M3 Institutions & clubs, core Notifications (templates, transactional, inbox), Audience, Media and Case engines. Pilot with 10 institutions | G3: =COUNTIF(RTM!$L$2:$L$101,A3) | H3: =SUMIF(RTM!$L$2:$L$101,A3,RTM!$O$2:$O$101) | I3: =SUMIF('Foundations backlog'!$C$2:$C$100,A3,'Foundations backlog'!$E$2:$E$100) | J3: =H3+I3 | K3: 175 | L3: =J3/K3
A4: R2 | B4: Learn & Play — national launch | C4: S7–S9 | D4: 46447 | E4: 46486 | F4: M4 Learning, M8 Quiz & gamification, notification preferences. App Store / Play Store public launch | G4: =COUNTIF(RTM!$L$2:$L$101,A4) | H4: =SUMIF(RTM!$L$2:$L$101,A4,RTM!$O$2:$O$101) | I4: =SUMIF('Foundations backlog'!$C$2:$C$100,A4,'Foundations backlog'!$E$2:$E$100) | J4: =H4+I4 | K4: 105 | L4: =J4/K4
A5: R3 | B5: Engage | C5: S10–S13 | D5: 46489 | E5: 46542 | F5: M10 Events & campaigns, M7 Opportunities, Feedback, broadcasts, reminders, delivery tracking, platform administration (master data, settings, audit viewer) | G5: =COUNTIF(RTM!$L$2:$L$101,A5) | H5: =SUMIF(RTM!$L$2:$L$101,A5,RTM!$O$2:$O$101) | I5: =SUMIF('Foundations backlog'!$C$2:$C$100,A5,'Foundations backlog'!$E$2:$E$100) | J5: =H5+I5 | K5: 140 | L5: =J5/K5
A6: R4 | B6: Community, Safety & Competitions | C6: S14–S17 | D6: 46545 | E6: 46598 | F6: M12 Safety & moderation engine (first), M5 Q&A & community, M9 Competitions, rewards & certificates | G6: =COUNTIF(RTM!$L$2:$L$101,A6) | H6: =SUMIF(RTM!$L$2:$L$101,A6,RTM!$O$2:$O$101) | I6: =SUMIF('Foundations backlog'!$C$2:$C$100,A6,'Foundations backlog'!$E$2:$E$100) | J6: =H6+I6 | K6: 140 | L6: =J6/K6
A7: R5 | B7: Alumni, Mentorship & Reporting | C7: S18–S19 | D7: 46601 | E7: 46626 | F7: M6 Alumni & mentorship, reporting module (proposed M13), performance tuning | G7: =COUNTIF(RTM!$L$2:$L$101,A7) | H7: =SUMIF(RTM!$L$2:$L$101,A7,RTM!$O$2:$O$101) | I7: =SUMIF('Foundations backlog'!$C$2:$C$100,A7,'Foundations backlog'!$E$2:$E$100) | J7: =H7+I7 | K7: 70 | L7: =J7/K7
A8: RH | B8: Hardening, Pen-test, Final UAT, Go-live | C8: S20–S21 | D8: 46629 | E8: 46654 | F8: Independent penetration test, load test, regression, final UAT sign-off, data migration rehearsal, production go-live, then 4 weeks hypercare | G8: =COUNTIF(RTM!$L$2:$L$101,A8) | H8: =SUMIF(RTM!$L$2:$L$101,A8,RTM!$O$2:$O$101) | I8: =SUMIF('Foundations backlog'!$C$2:$C$100,A8,'Foundations backlog'!$E$2:$E$100) | J8: =H8+I8 | K8: 70 | L8: =J8/K8
A9: Total | G9: =SUM(G2:G8) | H9: =SUM(H2:H8) | I9: =SUM(I2:I8) | J9: =SUM(J2:J8) | K9: =SUM(K2:K8) | L9: =J9/K9
A11: Assumption: velocity 35 pts/sprint in every sprint for the recommended team in 07-execution-plan.md §4. Points include API, admin, member app and automated tests. Re-baseline after S3 using measured velocity.

Sheet Sprint calendar
A1: Sprint | B1: Start (Mon) | C1: End (Fri) | D1: Release | E1: Sprint review / demo
A2: S0 | B2: 46328 | C2: 46339 | D2: R0 | E2: Kick-off + architecture sign-off
A3: S1 | B3: 46342 | C3: 46353 | D3: R0 | E3: Demo to TRA product owner; UAT of previous release on staging
A4: S2 | B4: 46356 | C4: 46367 | D4: R1 | E4: Demo to TRA product owner; UAT of previous release on staging
A5: S3 | B5: 46391 | C5: 46402 | D5: R1 | E5: Demo to TRA product owner; UAT of previous release on staging
A6: S4 | B6: 46405 | C6: 46416 | D6: R1 | E6: Demo to TRA product owner; UAT of previous release on staging
A7: S5 | B7: 46419 | C7: 46430 | D7: R1 | E7: Demo to TRA product owner; UAT of previous release on staging
A8: S6 | B8: 46433 | C8: 46444 | D8: R1 | E8: Demo to TRA product owner; UAT of previous release on staging
A9: S7 | B9: 46447 | C9: 46458 | D9: R2 | E9: Demo to TRA product owner; UAT of previous release on staging
A10: S8 | B10: 46461 | C10: 46472 | D10: R2 | E10: Demo to TRA product owner; UAT of previous release on staging
A11: S9 | B11: 46475 | C11: 46486 | D11: R2 | E11: Demo to TRA product owner; UAT of previous release on staging
A12: S10 | B12: 46489 | C12: 46500 | D12: R3 | E12: Demo to TRA product owner; UAT of previous release on staging
A13: S11 | B13: 46503 | C13: 46514 | D13: R3 | E13: Demo to TRA product owner; UAT of previous release on staging
... A23: S21 | B23: 46643 | C23: 46654 | D23: RH | E23: Demo to TRA product owner; UAT of previous release on staging
A25: Buffer week 14-18 Dec 2026 (defects, tech debt, pilot prep) and holiday freeze 21-Dec-2026 to 03-Jan-2027 (no sprint). Hypercare runs 4 weeks after S21.

Sheet Legend
A1: Field | B1: Meaning
A2: Prototype status | B2: Partial = some behaviour exists in commit 7ad3d35 but key rules are missing; Not started = nothing usable
A3: Size | B3: S = 3 pts, M = 5, L = 8, XL = 13 (full stack: API + admin portal + member app + tests). Partial items discounted 25%
A4: Shared services | B4: Platform services from 02-solution-architecture.md §4 that the requirement depends on (auto-derived from SRS text; verify in refinement)
A5: Decision refs | B5: Open business decisions in 09-decisions-and-business-rules-register.md that block final acceptance criteria
A6: Test cases | B6: One test case per related sub-requirement, numbered TC-<ReqID>-NN; UAT scripts derived from SRS Behavior + Exceptional rows
A7: Delivery status | B7: Maintained by the delivery team each sprint (drop-down)
